{
  "train_loss": [
    39.26379116046162,
    15.549599865374093,
    5.858113353625654,
    3.445237064133056,
    2.401909694123192,
    1.763459264089505,
    1.371893555401994,
    1.146779040178171,
    1.0067001539297378,
    0.9315244736381993
  ],
  "train_loss_sim": [
    1.0101784305831494,
    0.9122447653319508,
    0.8032439427253918,
    0.7441896573423197,
    0.7161362552033446,
    0.6963214903784255,
    0.6755837519138385,
    0.6731250595551329,
    0.6489062287365667,
    0.6292777173816205
  ],
  "train_loss_angle": [
    7.650722528037171,
    2.9274710245406665,
    1.010973885893441,
    0.540209484890627,
    0.3371546857844526,
    0.21342755481600761,
    0.13926196087615939,
    0.09473079548309596,
    0.0715587844673437,
    0.06044935139294821
  ],
  "train_accuracy": [
    58.44,
    66.16,
    70.64,
    73.0,
    73.7,
    74.22,
    75.26,
    75.04,
    76.92,
    76.68
  ],
  "train_angle_mae": [
    