{
  "train_loss": [
    0.5173634376068141,
    0.3704386765785639,
    0.31632211992301007,
    0.2848580272127334,
    0.25637528503941404,
    0.2337355155878551,
    0.2187119712559146,
    0.2061080163200669,
    0.1944570622370882,
    0.17538681557679867
  ],
  "train_loss_sim": [
    0.6993341625045512,
    0.4678008195110571,
    0.39370621128769295,
    0.35176412312272753,
    0.3305862945599677,
    0.3053178408765877,
    0.28052423271448323,
    0.2664150502829869,
    0.24835755265001414,
    0.2308994725184806
  ],
  "train_loss_angle": [
    0.03774966020471524,
    0.02768785111408022,
    0.023758087614332506,
    0.021450520146995763,
    0.019025802463730437,
    0.017267194624671207,
    0.01626071237705877,
    0.015282500529975646,
    0.01447855507284763,
    0.012920692034557112
  ],
  "train_accuracy": [
    72.43135900535313,
    84.42928682438266,
    87.39595924710758,
    89.07097219823865,
    89.97927819029529,
    90.84959419789328,
    91.72681747539285,
    92.20341909860127,
    92.94249697806941,
    93.5244344672768
  ],
  "train_angle_mae": [
    39.61991882324219,
    32.99533462524414,
    29.824382781982422,
    27.923450469970703,
    25.951324462890625,
    24.463525772094727,
    23.558401107788086,
    22.723588943481445,
    22.009601593017578,
    20.79248809814453
  ],
  "val_loss": [
    0.37006119519648467,
    0.266610897768884,
    0.24720833302866776,
    0.24204484060318512,
    0.2115084763021159,
    0.19698923072342336,
    0.20617171597374967,
    0.17953995266962333,
    0.150001924771529,
    0.12911873943442423
  ],
  "val_loss_sim": [
    0.42312327058181254,
    0.30792032118291546,
    0.27744458850539294,
    0.2952154102410085,
    0.24867351382375646,
    0.2200924089872802,
    0.22457882982662178,
    0.2028489840360215,
    0.17079106668429173,
    0.16443362308544873
  ],
  "val_loss_angle": [
    0.028543653997135234,
    0.02050268322163256,
    0.01917194136550661,
    0.018300175702629182,
    0.016177377330150303,
    0.015297074760888985,
    0.0161255947589742,
    0.013897015535432471,
    0.011584371047303874,
    0.009623201444094792
  ],
  "val_accuracy": [
    83.43831048536495,
    88.62541682104484,
    89.88514264542422,
    88.55131530196368,
    91.36717302704706,
    92.66394961096702,
    93.10855872545388,
    93.10855872545388,
    94.10892923304928,
    94.70174138569841
  ],
  "val_angle_mae": [
    32.448116302490234,
    26.708532333374023,
    24.425912857055664,
    23.922414779663086,
    21.93393898010254,
    20.46568489074707,
    20.82689094543457,
    19.999692916870117,
    17.96965217590332,
    16.417606353759766
  ],
  "learning_rate": [
    0.0001,
    0.0001,
    0.0001,
    0.0001,
    0.0001,
    0.0001,
    0.0001,
    0.0001,
    0.0001,
    0.0001
  ]
}